{"cameraMode":{"drawMode":0,"name":"Shaded","section":"Shading Mode"},"sceneLighting":false,"audioPlay":false,"sceneViewState":{"m_AlwaysRefresh":false,"showFog":true,"showSkybox":false,"showFlares":true,"showImageEffects":true,"showParticleSystems":true,"showVisualEffectGraphs":true,"m_FxEnabled":true},"in2DMode":false,"pivot":{"x":0.025879502296447755,"y":1.539574384689331,"z":-0.0249636173248291},"rotation":{"x":-0.05191739276051521,"y":0.9464101791381836,"z":-0.19461698830127717,"w":-0.2524740695953369},"size":2.442945718765259,"orthographic":false}