{"cameraMode":{"drawMode":0,"name":"Shaded","section":"Shading Mode"},"sceneLighting":false,"audioPlay":false,"sceneViewState":{"m_AlwaysRefresh":false,"showFog":true,"showSkybox":false,"showFlares":true,"showImageEffects":true,"showParticleSystems":true,"showVisualEffectGraphs":true,"m_FxEnabled":true},"in2DMode":false,"pivot":{"x":1.005321741104126,"y":1.732801079750061,"z":1.0600696802139283},"rotation":{"x":-0.08474024385213852,"y":0.8375300765037537,"z":-0.13585570454597474,"w":-0.5224077701568604},"size":0.23051124811172486,"orthographic":false}