{"cameraMode":{"drawMode":0,"name":"Shaded","section":"Shading Mode"},"sceneLighting":false,"audioPlay":false,"sceneViewState":{"m_AlwaysRefresh":false,"showFog":true,"showSkybox":false,"showFlares":true,"showImageEffects":true,"showParticleSystems":true,"showVisualEffectGraphs":true,"m_FxEnabled":true},"in2DMode":false,"pivot":{"x":-0.389973521232605,"y":0.6165684461593628,"z":-0.6283780336380005},"rotation":{"x":-0.033984631299972537,"y":0.9565938711166382,"z":-0.12439104169607163,"w":-0.2613479793071747},"size":1.3774042129516602,"orthographic":false}