{"cameraMode":{"drawMode":0,"name":"Shaded","section":"Shading Mode"},"sceneLighting":false,"audioPlay":false,"sceneViewState":{"m_AlwaysRefresh":false,"showFog":true,"showSkybox":false,"showFlares":true,"showImageEffects":true,"showParticleSystems":true,"showVisualEffectGraphs":true,"m_FxEnabled":true},"in2DMode":false,"pivot":{"x":0.07013088464736939,"y":1.5226185321807862,"z":0.017498135566711427},"rotation":{"x":-0.11135757714509964,"y":0.852176308631897,"z":-0.20205874741077424,"w":-0.4696471095085144},"size":1.8483625650405884,"orthographic":false}