{"cameraMode":{"drawMode":0,"name":"Shaded","section":"Shading Mode"},"sceneLighting":false,"audioPlay":false,"sceneViewState":{"m_AlwaysRefresh":false,"showFog":true,"showSkybox":false,"showFlares":true,"showImageEffects":true,"showParticleSystems":true,"showVisualEffectGraphs":true,"m_FxEnabled":true},"in2DMode":false,"pivot":{"x":0.08879005908966065,"y":0.09799540042877197,"z":-1.5411012172698975},"rotation":{"x":0.030331509187817575,"y":0.9611647129058838,"z":-0.2477918267250061,"w":0.11765336990356446},"size":1.686228632926941,"orthographic":false}