{"cameraMode":{"drawMode":0,"name":"Shaded","section":"Shading Mode"},"sceneLighting":false,"audioPlay":false,"sceneViewState":{"m_AlwaysRefresh":false,"showFog":true,"showSkybox":false,"showFlares":true,"showImageEffects":true,"showParticleSystems":true,"showVisualEffectGraphs":true,"m_FxEnabled":true},"in2DMode":false,"pivot":{"x":-0.5553387403488159,"y":0.7918756604194641,"z":0.2508425712585449},"rotation":{"x":-0.05191739276051521,"y":0.9464101791381836,"z":-0.19461698830127717,"w":-0.2524740695953369},"size":1.7577142715454102,"orthographic":false}